{"cameraMode":{"drawMode":0,"name":"Shaded","section":"Shading Mode"},"sceneLighting":true,"audioPlay":false,"sceneViewState":{"m_AlwaysRefresh":false,"showFog":true,"showSkybox":true,"showFlares":true,"showImageEffects":true,"showParticleSystems":true,"showVisualEffectGraphs":true,"m_FxEnabled":true},"in2DMode":false,"pivot":{"x":-2.2454333305358888,"y":-1.3510282039642335,"z":-1.1785078048706055},"rotation":{"x":0.01766994595527649,"y":-0.0473799891769886,"z":-0.0008368868730030954,"w":-0.9987426996231079},"size":3.2958736419677736,"orthographic":false}